FirstName, LastName, Email, Phone, Region, 
David, Valenzuela, juancollins@gmail.com, 418-278-7191, South
Thomas, Lane, starkstephanie@pearson.net, 001-035-708-6633x4506, South
Lisa, Leonard, taylorjasmine@gmail.com, 001-249-255-3670, West
Chad, Pierce, rosariomegan@gmail.com, 144-233-0233x75679, West
Gregory, Fields, christina44@pacheco.com, (778)293-2081x3578, South
Kevin, Robinson, christian48@yahoo.com, (054)583-1591x018, West
Craig, Thompson, jeffrey18@griffin-clark.com, 001-237-224-4368x81682, South
Melanie, Green, ortegakaren@kerr-walker.info, +1-178-876-4075x94632, North
Christopher, Greer, alicia46@hotmail.com, 001-187-543-4646x44185, East
Kylie, West, ruth19@gmail.com, +1-138-353-4021x669, North
Monica, Fuller, joshua55@johnson.com, 351.365.6962x710, East
Jennifer, Bishop, steve17@yahoo.com, 464.262.6283, North
Joseph, Hayden, michele90@wright-hester.com, (465)020-2557, East
Chelsea, Potter, marcus85@yahoo.com, 994-237-3540, South
Allen, Rodriguez, grobinson@farrell.com, +1-344-712-9366x6885, South
Marcus, Williams, charles36@gmail.com, 812-350-9363, North
Mandy, Ruiz, timothy14@short.org, 161-228-4686x359, South
Shawn, Kelley, ngonzales@hotmail.com, (663)075-4686, South
Lawrence, Grant, lwalker@hotmail.com, +1-818-833-9094, South
Michael, Sanders, barrettamber@brown.com, 898.034.4183, North
Steven, Cobb, ryan17@gmail.com, 059-640-4891, West
Kyle, Berry, tbarajas@hotmail.com, 092-411-6852x773, North
Natasha, Carroll, bridget70@peck.info, 0452490816, West
James, Turner, kimberlywalker@kim.org, 746-158-9352x5537, East
Larry, Morrow, sbanks@brown.com, 800.214.9913x026, South
Patricia, Holder, gstafford@taylor.org, 110-821-5736x8015, East
Michael, White, griffinmorgan@yahoo.com, +1-794-347-6374x54882, North
Shannon, Castro, lwilliams@gonzalez.com, 622.020.8941x884, East
Timothy, Hill, daniel50@hotmail.com, 001-426-754-2472x9155, West
Lawrence, Stewart, chelseahubbard@gmail.com, 887-507-2259x511, West
Daniel, Bowers, astewart@ferguson.com, 001-596-981-2833x048, North
Jeffrey, Cummings, martinezsarah@hotmail.com, 6477684462, South
Johnathan, Hunt, hcox@wells.com, (776)829-7206x936, West
Miguel, Mason, ellistravis@hotmail.com, (312)490-4160x866, South
Rebekah, Le, fparker@foley-cochran.com, 5863386058, East
William, Stewart, juliejacobson@gmail.com, 533.971.1516, South
David, Carroll, daniellechase@gmail.com, (315)193-5610, South
Jenny, Collins, paigesmith@ortiz-hall.com, +1-575-204-3399x2900, East
Tina, Young, ellisonrichard@yahoo.com, 404-828-6329x854, North
Ronald, Li, ptorres@hotmail.com, 998-079-8847x8204, North
Michael, Freeman, josephgill@gmail.com, 375.801.8224x5004, East
Kelly, King, twalker@wall-stanton.com, 001-935-331-4921x17556, East
Ryan, Richardson, michelle61@yahoo.com, 473-094-2316x150, North
Madison, Ramirez, shannon05@gmail.com, 200.534.3132x82375, North
Holly, Nichols, sarahwood@dean-ferrell.com, +1-331-130-6871x92923, West
Douglas, Williams, marilyn75@gmail.com, 001-083-981-2743, West
Christopher, Collins, wesleycohen@yahoo.com, 042-537-4227x272, North
Zachary, Hill, mcdonaldelizabeth@skinner.info, 433-977-2517, North
Cody, Gardner, tom02@foster.com, (406)302-3508, North
Dean, Hernandez, michael51@hayes.com, 001-609-840-7434x725, West
